name;value;year;lastValue;rank
Eólica Terrestre; 5.612,03 ;2013;0;7
Eólica Terrestre; 5.583,39 ;2014; 5.612,03 ;8
Eólica Terrestre; 5.554,76 ;2015; 5.583,39 ;8
Eólica Terrestre; 5.526,13 ;2016; 5.554,76 ;8
Eólica Terrestre; 5.497,50 ;2017; 5.526,13 ;8
Eólica Terrestre; 5.468,86 ;2018; 5.497,50 ;8
Eólica Terrestre; 5.440,23 ;2019; 5.468,86 ;8
Eólica Terrestre; 5.411,60 ;2020; 5.440,23 ;8
Eólica Terrestre; 5.391,55 ;2021; 5.411,60 ;8
Eólica Terrestre; 5.371,51 ;2022; 5.391,55 ;8
Eólica Terrestre; 5.351,47 ;2023; 5.371,51 ;8
Eólica Terrestre; 5.331,43 ;2024; 5.351,47 ;7
Eólica Terrestre; 5.311,38 ;2025; 5.331,43 ;8
Eólica Terrestre; 5.291,34 ;2026; 5.311,38 ;8
Eólica Terrestre; 5.271,30 ;2027; 5.291,34 ;8
Eólica Terrestre; 5.251,25 ;2028; 5.271,30 ;8
Eólica Terrestre; 5.231,21 ;2029; 5.251,25 ;8
Eólica Terrestre; 5.211,17 ;2030; 5.231,21 ;8
Eólica Terrestre; 5.171,08 ;2031; 5.211,17 ;8
Eólica Terrestre; 5.131,00 ;2032; 5.171,08 ;8
Eólica Terrestre; 5.090,91 ;2033; 5.131,00 ;8
Eólica Terrestre; 5.050,82 ;2034; 5.090,91 ;8
Eólica Terrestre; 5.010,74 ;2035; 5.050,82 ;8
Eólica Terrestre; 4.970,65 ;2036; 5.010,74 ;8
Eólica Terrestre; 4.930,57 ;2037; 4.970,65 ;8
Eólica Terrestre; 4.890,48 ;2038; 4.930,57 ;8
Eólica Terrestre; 4.850,39 ;2039; 4.890,48 ;8
Eólica Terrestre; 4.810,31 ;2040; 4.850,39 ;8
Eólica Terrestre; 4.770,22 ;2041; 4.810,31 ;8
Eólica Terrestre; 4.730,14 ;2042; 4.770,22 ;8
Eólica Terrestre; 4.690,05 ;2043; 4.730,14 ;8
Eólica Terrestre; 4.649,97 ;2044; 4.690,05 ;8
Eólica Terrestre; 4.609,88 ;2045; 4.649,97 ;8
Eólica Terrestre; 4.569,79 ;2046; 4.609,88 ;8
Eólica Terrestre; 4.529,71 ;2047; 4.569,79 ;8
Eólica Terrestre; 4.489,62 ;2048; 4.529,71 ;8
Eólica Terrestre; 4.449,54 ;2049; 4.489,62 ;8
Eólica Terrestre; 4.409,45 ;2050; 4.449,54 ;8
Eólica Marítima; 13.909,81 ;2013;0;20
Eólica Marítima; 13.571,94 ;2014; 13.909,81 ;20
Eólica Marítima; 13.234,08 ;2015; 13.571,94 ;20
Eólica Marítima; 12.896,21 ;2016; 13.234,08 ;20
Eólica Marítima; 12.558,34 ;2017; 12.896,21 ;20
Eólica Marítima; 12.220,48 ;2018; 12.558,34 ;20
Eólica Marítima; 11.882,61 ;2019; 12.220,48 ;19
Eólica Marítima; 11.544,74 ;2020; 11.882,61 ;18
Eólica Marítima; 11.424,48 ;2021; 11.544,74 ;18
Eólica Marítima; 11.304,23 ;2022; 11.424,48 ;18
Eólica Marítima; 11.183,97 ;2023; 11.304,23 ;18
Eólica Marítima; 11.063,71 ;2024; 11.183,97 ;17
Eólica Marítima; 10.943,45 ;2025; 11.063,71 ;18
Eólica Marítima; 10.823,20 ;2026; 10.943,45 ;18
Eólica Marítima; 10.702,94 ;2027; 10.823,20 ;18
Eólica Marítima; 10.582,68 ;2028; 10.702,94 ;18
Eólica Marítima; 10.462,42 ;2029; 10.582,68 ;18
Eólica Marítima; 10.342,16 ;2030; 10.462,42 ;18
Eólica Marítima; 10.261,99 ;2031; 10.342,16 ;18
Eólica Marítima; 10.181,82 ;2032; 10.261,99 ;17
Eólica Marítima; 10.101,65 ;2033; 10.181,82 ;17
Eólica Marítima; 10.021,48 ;2034; 10.101,65 ;17
Eólica Marítima; 9.941,31 ;2035; 10.021,48 ;17
Eólica Marítima; 9.861,13 ;2036; 9.941,31 ;17
Eólica Marítima; 9.780,96 ;2037; 9.861,13 ;18
Eólica Marítima; 9.700,79 ;2038; 9.780,96 ;18
Eólica Marítima; 9.620,62 ;2039; 9.700,79 ;18
Eólica Marítima; 9.540,45 ;2040; 9.620,62 ;18
Eólica Marítima; 9.500,36 ;2041; 9.540,45 ;18
Eólica Marítima; 9.460,27 ;2042; 9.500,36 ;18
Eólica Marítima; 9.420,19 ;2043; 9.460,27 ;18
Eólica Marítima; 9.380,10 ;2044; 9.420,19 ;18
Eólica Marítima; 9.340,02 ;2045; 9.380,10 ;18
Eólica Marítima; 9.299,93 ;2046; 9.340,02 ;18
Eólica Marítima; 9.259,84 ;2047; 9.299,93 ;18
Eólica Marítima; 9.219,76 ;2048; 9.259,84 ;18
Eólica Marítima; 9.179,67 ;2049; 9.219,76 ;18
Eólica Marítima; 9.139,59 ;2050; 9.179,67 ;18
Sistema Fotovoltaico Comercial 0,1-2 MW; 4.523,45 ;2013;0;6
Sistema Fotovoltaico Comercial 0,1-2 MW; 4.390,41 ;2014; 4.523,45 ;6
Sistema Fotovoltaico Comercial 0,1-2 MW; 4.257,37 ;2015; 4.390,41 ;6
Sistema Fotovoltaico Comercial 0,1-2 MW; 4.124,32 ;2016; 4.257,37 ;6
Sistema Fotovoltaico Comercial 0,1-2 MW; 3.991,28 ;2017; 4.124,32 ;6
Sistema Fotovoltaico Comercial 0,1-2 MW; 3.858,24 ;2018; 3.991,28 ;6
Sistema Fotovoltaico Comercial 0,1-2 MW; 3.725,20 ;2019; 3.858,24 ;6
Sistema Fotovoltaico Comercial 0,1-2 MW; 3.592,15 ;2020; 3.725,20 ;6
Sistema Fotovoltaico Comercial 0,1-2 MW; 3.556,23 ;2021; 3.592,15 ;6
Sistema Fotovoltaico Comercial 0,1-2 MW; 3.520,31 ;2022; 3.556,23 ;6
Sistema Fotovoltaico Comercial 0,1-2 MW; 3.484,39 ;2023; 3.520,31 ;6
Sistema Fotovoltaico Comercial 0,1-2 MW; 3.448,47 ;2024; 3.484,39 ;5
Sistema Fotovoltaico Comercial 0,1-2 MW; 3.412,55 ;2025; 3.448,47 ;6
Sistema Fotovoltaico Comercial 0,1-2 MW; 3.376,62 ;2026; 3.412,55 ;5
Sistema Fotovoltaico Comercial 0,1-2 MW; 3.340,70 ;2027; 3.376,62 ;5
Sistema Fotovoltaico Comercial 0,1-2 MW; 3.304,78 ;2028; 3.340,70 ;5
Sistema Fotovoltaico Comercial 0,1-2 MW; 3.268,86 ;2029; 3.304,78 ;5
Sistema Fotovoltaico Comercial 0,1-2 MW; 3.232,94 ;2030; 3.268,86 ;5
Sistema Fotovoltaico Comercial 0,1-2 MW; 3.212,98 ;2031; 3.232,94 ;5
Sistema Fotovoltaico Comercial 0,1-2 MW; 3.193,02 ;2032; 3.212,98 ;5
Sistema Fotovoltaico Comercial 0,1-2 MW; 3.173,07 ;2033; 3.193,02 ;5
Sistema Fotovoltaico Comercial 0,1-2 MW; 3.153,11 ;2034; 3.173,07 ;5
Sistema Fotovoltaico Comercial 0,1-2 MW; 3.133,16 ;2035; 3.153,11 ;5
Sistema Fotovoltaico Comercial 0,1-2 MW; 3.113,20 ;2036; 3.133,16 ;5
Sistema Fotovoltaico Comercial 0,1-2 MW; 3.093,24 ;2037; 3.113,20 ;5
Sistema Fotovoltaico Comercial 0,1-2 MW; 3.073,29 ;2038; 3.093,24 ;5
Sistema Fotovoltaico Comercial 0,1-2 MW; 3.053,33 ;2039; 3.073,29 ;5
Sistema Fotovoltaico Comercial 0,1-2 MW; 3.033,37 ;2040; 3.053,33 ;5
Sistema Fotovoltaico Comercial 0,1-2 MW; 3.017,41 ;2041; 3.033,37 ;5
Sistema Fotovoltaico Comercial 0,1-2 MW; 3.001,44 ;2042; 3.017,41 ;5
Sistema Fotovoltaico Comercial 0,1-2 MW; 2.985,48 ;2043; 3.001,44 ;5
Sistema Fotovoltaico Comercial 0,1-2 MW; 2.969,51 ;2044; 2.985,48 ;5
Sistema Fotovoltaico Comercial 0,1-2 MW; 2.953,55 ;2045; 2.969,51 ;5
Sistema Fotovoltaico Comercial 0,1-2 MW; 2.937,58 ;2046; 2.953,55 ;5
Sistema Fotovoltaico Comercial 0,1-2 MW; 2.921,62 ;2047; 2.937,58 ;5
Sistema Fotovoltaico Comercial 0,1-2 MW; 2.905,65 ;2048; 2.921,62 ;5
Sistema Fotovoltaico Comercial 0,1-2 MW; 2.889,69 ;2049; 2.905,65 ;5
Sistema Fotovoltaico Comercial 0,1-2 MW; 2.873,72 ;2050; 2.889,69 ;5
Sistema Fotovoltaico Comercial >2 MW sem rastreador solar; 4.031,19 ;2013;0;5
Sistema Fotovoltaico Comercial >2 MW sem rastreador solar; 3.911,46 ;2014; 4.031,19 ;5
Sistema Fotovoltaico Comercial >2 MW sem rastreador solar; 3.791,72 ;2015; 3.911,46 ;5
Sistema Fotovoltaico Comercial >2 MW sem rastreador solar; 3.671,98 ;2016; 3.791,72 ;5
Sistema Fotovoltaico Comercial >2 MW sem rastreador solar; 3.552,24 ;2017; 3.671,98 ;5
Sistema Fotovoltaico Comercial >2 MW sem rastreador solar; 3.432,50 ;2018; 3.552,24 ;5
Sistema Fotovoltaico Comercial >2 MW sem rastreador solar; 3.312,76 ;2019; 3.432,50 ;4
Sistema Fotovoltaico Comercial >2 MW sem rastreador solar; 3.193,02 ;2020; 3.312,76 ;4
Sistema Fotovoltaico Comercial >2 MW sem rastreador solar; 3.129,16 ;2021; 3.193,02 ;4
Sistema Fotovoltaico Comercial >2 MW sem rastreador solar; 3.065,30 ;2022; 3.129,16 ;4
Sistema Fotovoltaico Comercial >2 MW sem rastreador solar; 3.001,44 ;2023; 3.065,30 ;4
Sistema Fotovoltaico Comercial >2 MW sem rastreador solar; 2.937,58 ;2024; 3.001,44 ;3
Sistema Fotovoltaico Comercial >2 MW sem rastreador solar; 2.873,72 ;2025; 2.937,58 ;4
Sistema Fotovoltaico Comercial >2 MW sem rastreador solar; 2.809,86 ;2026; 2.873,72 ;4
Sistema Fotovoltaico Comercial >2 MW sem rastreador solar; 2.746,00 ;2027; 2.809,86 ;4
Sistema Fotovoltaico Comercial >2 MW sem rastreador solar; 2.682,14 ;2028; 2.746,00 ;4
Sistema Fotovoltaico Comercial >2 MW sem rastreador solar; 2.618,28 ;2029; 2.682,14 ;4
Sistema Fotovoltaico Comercial >2 MW sem rastreador solar; 2.554,42 ;2030; 2.618,28 ;4
Sistema Fotovoltaico Comercial >2 MW sem rastreador solar; 2.530,47 ;2031; 2.554,42 ;4
Sistema Fotovoltaico Comercial >2 MW sem rastreador solar; 2.506,52 ;2032; 2.530,47 ;4
Sistema Fotovoltaico Comercial >2 MW sem rastreador solar; 2.482,58 ;2033; 2.506,52 ;4
Sistema Fotovoltaico Comercial >2 MW sem rastreador solar; 2.458,63 ;2034; 2.482,58 ;4
Sistema Fotovoltaico Comercial >2 MW sem rastreador solar; 2.434,68 ;2035; 2.458,63 ;4
Sistema Fotovoltaico Comercial >2 MW sem rastreador solar; 2.410,73 ;2036; 2.434,68 ;4
Sistema Fotovoltaico Comercial >2 MW sem rastreador solar; 2.386,79 ;2037; 2.410,73 ;4
Sistema Fotovoltaico Comercial >2 MW sem rastreador solar; 2.362,84 ;2038; 2.386,79 ;4
Sistema Fotovoltaico Comercial >2 MW sem rastreador solar; 2.338,89 ;2039; 2.362,84 ;4
Sistema Fotovoltaico Comercial >2 MW sem rastreador solar; 2.314,94 ;2040; 2.338,89 ;4
Sistema Fotovoltaico Comercial >2 MW sem rastreador solar; 2.291,00 ;2041; 2.314,94 ;4
Sistema Fotovoltaico Comercial >2 MW sem rastreador solar; 2.267,05 ;2042; 2.291,00 ;4
Sistema Fotovoltaico Comercial >2 MW sem rastreador solar; 2.243,10 ;2043; 2.267,05 ;4
Sistema Fotovoltaico Comercial >2 MW sem rastreador solar; 2.219,15 ;2044; 2.243,10 ;4
Sistema Fotovoltaico Comercial >2 MW sem rastreador solar; 2.195,20 ;2045; 2.219,15 ;4
Sistema Fotovoltaico Comercial >2 MW sem rastreador solar; 2.171,26 ;2046; 2.195,20 ;4
Sistema Fotovoltaico Comercial >2 MW sem rastreador solar; 2.147,31 ;2047; 2.171,26 ;4
Sistema Fotovoltaico Comercial >2 MW sem rastreador solar; 2.123,36 ;2048; 2.147,31 ;4
Sistema Fotovoltaico Comercial >2 MW sem rastreador solar; 2.099,41 ;2049; 2.123,36 ;4
Sistema Fotovoltaico Comercial >2 MW sem rastreador solar; 2.075,47 ;2050; 2.099,41 ;4
Sistema Fotovoltaico Residencial <100 kW; 6.000,23 ;2013;0;8
Sistema Fotovoltaico Residencial <100 kW; 5.228,58 ;2014; 6.000,23 ;7
Sistema Fotovoltaico Residencial <100 kW; 4.456,93 ;2015; 5.228,58 ;7
Sistema Fotovoltaico Residencial <100 kW; 4.323,89 ;2016; 4.456,93 ;7
Sistema Fotovoltaico Residencial <100 kW; 4.190,85 ;2017; 4.323,89 ;7
Sistema Fotovoltaico Residencial <100 kW; 4.057,80 ;2018; 4.190,85 ;7
Sistema Fotovoltaico Residencial <100 kW; 3.924,76 ;2019; 4.057,80 ;7
Sistema Fotovoltaico Residencial <100 kW; 3.791,72 ;2020; 3.924,76 ;7
Sistema Fotovoltaico Residencial <100 kW; 4.346,51 ;2021; 3.791,72 ;7
Sistema Fotovoltaico Residencial <100 kW; 4.302,60 ;2022; 4.346,51 ;7
Sistema Fotovoltaico Residencial <100 kW; 4.258,70 ;2023; 4.302,60 ;7
Sistema Fotovoltaico Residencial <100 kW; 4.214,79 ;2024; 4.258,70 ;6
Sistema Fotovoltaico Residencial <100 kW; 4.170,89 ;2025; 4.214,79 ;7
Sistema Fotovoltaico Residencial <100 kW; 4.126,98 ;2026; 4.170,89 ;7
Sistema Fotovoltaico Residencial <100 kW; 4.083,08 ;2027; 4.126,98 ;7
Sistema Fotovoltaico Residencial <100 kW; 4.039,18 ;2028; 4.083,08 ;7
Sistema Fotovoltaico Residencial <100 kW; 3.995,27 ;2029; 4.039,18 ;7
Sistema Fotovoltaico Residencial <100 kW; 3.951,37 ;2030; 3.995,27 ;7
Sistema Fotovoltaico Residencial <100 kW; 3.927,42 ;2031; 3.951,37 ;7
Sistema Fotovoltaico Residencial <100 kW; 3.903,47 ;2032; 3.927,42 ;7
Sistema Fotovoltaico Residencial <100 kW; 3.879,53 ;2033; 3.903,47 ;7
Sistema Fotovoltaico Residencial <100 kW; 3.855,58 ;2034; 3.879,53 ;7
Sistema Fotovoltaico Residencial <100 kW; 3.831,63 ;2035; 3.855,58 ;7
Sistema Fotovoltaico Residencial <100 kW; 3.807,68 ;2036; 3.831,63 ;7
Sistema Fotovoltaico Residencial <100 kW; 3.783,73 ;2037; 3.807,68 ;7
Sistema Fotovoltaico Residencial <100 kW; 3.759,79 ;2038; 3.783,73 ;7
Sistema Fotovoltaico Residencial <100 kW; 3.735,84 ;2039; 3.759,79 ;7
Sistema Fotovoltaico Residencial <100 kW; 3.711,89 ;2040; 3.735,84 ;7
Sistema Fotovoltaico Residencial <100 kW; 3.691,94 ;2041; 3.711,89 ;7
Sistema Fotovoltaico Residencial <100 kW; 3.671,98 ;2042; 3.691,94 ;7
Sistema Fotovoltaico Residencial <100 kW; 3.652,02 ;2043; 3.671,98 ;7
Sistema Fotovoltaico Residencial <100 kW; 3.632,07 ;2044; 3.652,02 ;7
Sistema Fotovoltaico Residencial <100 kW; 3.612,11 ;2045; 3.632,07 ;7
Sistema Fotovoltaico Residencial <100 kW; 3.592,15 ;2046; 3.612,11 ;7
Sistema Fotovoltaico Residencial <100 kW; 3.572,20 ;2047; 3.592,15 ;7
Sistema Fotovoltaico Residencial <100 kW; 3.552,24 ;2048; 3.572,20 ;7
Sistema Fotovoltaico Residencial <100 kW; 3.532,28 ;2049; 3.552,24 ;7
Sistema Fotovoltaico Residencial <100 kW; 3.512,33 ;2050; 3.532,28 ;7
Solar Térmico; 22.448,11 ;2013;0;25
Solar Térmico; 21.818,19 ;2014; 22.448,11 ;25
Solar Térmico; 21.188,27 ;2015; 21.818,19 ;25
Solar Térmico; 20.558,34 ;2016; 21.188,27 ;25
Solar Térmico; 19.928,42 ;2017; 20.558,34 ;25
Solar Térmico; 19.298,50 ;2018; 19.928,42 ;25
Solar Térmico; 18.668,58 ;2019; 19.298,50 ;25
Solar Térmico; 18.038,66 ;2020; 18.668,58 ;26
Solar Térmico; 17.758,06 ;2021; 18.038,66 ;25
Solar Térmico; 17.477,46 ;2022; 17.758,06 ;25
Solar Térmico; 17.196,85 ;2023; 17.477,46 ;25
Solar Térmico; 16.916,25 ;2024; 17.196,85 ;24
Solar Térmico; 16.635,65 ;2025; 16.916,25 ;25
Solar Térmico; 16.355,05 ;2026; 16.635,65 ;25
Solar Térmico; 16.074,45 ;2027; 16.355,05 ;25
Solar Térmico; 15.793,85 ;2028; 16.074,45 ;25
Solar Térmico; 15.513,25 ;2029; 15.793,85 ;25
Solar Térmico; 15.232,64 ;2030; 15.513,25 ;25
Solar Térmico; 15.112,39 ;2031; 15.232,64 ;25
Solar Térmico; 14.992,13 ;2032; 15.112,39 ;25
Solar Térmico; 14.871,87 ;2033; 14.992,13 ;25
Solar Térmico; 14.751,61 ;2034; 14.871,87 ;25
Solar Térmico; 14.631,36 ;2035; 14.751,61 ;26
Solar Térmico; 14.511,10 ;2036; 14.631,36 ;26
Solar Térmico; 14.390,84 ;2037; 14.511,10 ;26
Solar Térmico; 14.270,58 ;2038; 14.390,84 ;26
Solar Térmico; 14.150,33 ;2039; 14.270,58 ;26
Solar Térmico; 14.030,07 ;2040; 14.150,33 ;26
Solar Térmico; 13.989,98 ;2041; 14.030,07 ;26
Solar Térmico; 13.949,90 ;2042; 13.989,98 ;26
Solar Térmico; 13.909,81 ;2043; 13.949,90 ;26
Solar Térmico; 13.869,72 ;2044; 13.909,81 ;26
Solar Térmico; 13.829,64 ;2045; 13.869,72 ;26
Solar Térmico; 13.789,55 ;2046; 13.829,64 ;26
Solar Térmico; 13.749,47 ;2047; 13.789,55 ;26
Solar Térmico; 13.709,38 ;2048; 13.749,47 ;26
Solar Térmico; 13.669,29 ;2049; 13.709,38 ;26
Solar Térmico; 13.629,21 ;2050; 13.669,29 ;26
Hidrelétrica com reservatório >100 MW; 8.818,90 ;2013;0;13
Hidrelétrica com reservatório >100 MW; 8.818,90 ;2014; 8.818,90 ;13
Hidrelétrica com reservatório >100 MW; 8.818,90 ;2015; 8.818,90 ;13
Hidrelétrica com reservatório >100 MW; 8.818,90 ;2016; 8.818,90 ;13
Hidrelétrica com reservatório >100 MW; 8.818,90 ;2017; 8.818,90 ;13
Hidrelétrica com reservatório >100 MW; 8.818,90 ;2018; 8.818,90 ;13
Hidrelétrica com reservatório >100 MW; 8.818,90 ;2019; 8.818,90 ;13
Hidrelétrica com reservatório >100 MW; 8.818,90 ;2020; 8.818,90 ;13
Hidrelétrica com reservatório >100 MW; 8.818,90 ;2021; 8.818,90 ;13
Hidrelétrica com reservatório >100 MW; 8.818,90 ;2022; 8.818,90 ;13
Hidrelétrica com reservatório >100 MW; 8.818,90 ;2023; 8.818,90 ;13
Hidrelétrica com reservatório >100 MW; 8.818,90 ;2024; 8.818,90 ;12
Hidrelétrica com reservatório >100 MW; 8.818,90 ;2025; 8.818,90 ;13
Hidrelétrica com reservatório >100 MW; 8.818,90 ;2026; 8.818,90 ;13
Hidrelétrica com reservatório >100 MW; 8.818,90 ;2027; 8.818,90 ;13
Hidrelétrica com reservatório >100 MW; 8.818,90 ;2028; 8.818,90 ;13
Hidrelétrica com reservatório >100 MW; 8.818,90 ;2029; 8.818,90 ;13
Hidrelétrica com reservatório >100 MW; 8.818,90 ;2030; 8.818,90 ;13
Hidrelétrica com reservatório >100 MW; 8.818,90 ;2031; 8.818,90 ;13
Hidrelétrica com reservatório >100 MW; 8.818,90 ;2032; 8.818,90 ;13
Hidrelétrica com reservatório >100 MW; 8.818,90 ;2033; 8.818,90 ;13
Hidrelétrica com reservatório >100 MW; 8.818,90 ;2034; 8.818,90 ;13
Hidrelétrica com reservatório >100 MW; 8.818,90 ;2035; 8.818,90 ;14
Hidrelétrica com reservatório >100 MW; 8.818,90 ;2036; 8.818,90 ;14
Hidrelétrica com reservatório >100 MW; 8.818,90 ;2037; 8.818,90 ;14
Hidrelétrica com reservatório >100 MW; 8.818,90 ;2038; 8.818,90 ;15
Hidrelétrica com reservatório >100 MW; 8.818,90 ;2039; 8.818,90 ;16
Hidrelétrica com reservatório >100 MW; 8.818,90 ;2040; 8.818,90 ;16
Hidrelétrica com reservatório >100 MW; 8.818,90 ;2041; 8.818,90 ;16
Hidrelétrica com reservatório >100 MW; 8.818,90 ;2042; 8.818,90 ;16
Hidrelétrica com reservatório >100 MW; 8.818,90 ;2043; 8.818,90 ;16
Hidrelétrica com reservatório >100 MW; 8.818,90 ;2044; 8.818,90 ;16
Hidrelétrica com reservatório >100 MW; 8.818,90 ;2045; 8.818,90 ;16
Hidrelétrica com reservatório >100 MW; 8.818,90 ;2046; 8.818,90 ;16
Hidrelétrica com reservatório >100 MW; 8.818,90 ;2047; 8.818,90 ;16
Hidrelétrica com reservatório >100 MW; 8.818,90 ;2048; 8.818,90 ;16
Hidrelétrica com reservatório >100 MW; 8.818,90 ;2049; 8.818,90 ;16
Hidrelétrica com reservatório >100 MW; 8.818,90 ;2050; 8.818,90 ;16
Hidrelétrica com reservatório <10 MW; 17.637,80 ;2013;0;23
Hidrelétrica com reservatório <10 MW; 17.683,61 ;2014; 17.637,80 ;23
Hidrelétrica com reservatório <10 MW; 17.729,42 ;2015; 17.683,61 ;23
Hidrelétrica com reservatório <10 MW; 17.775,24 ;2016; 17.729,42 ;24
Hidrelétrica com reservatório <10 MW; 17.821,05 ;2017; 17.775,24 ;24
Hidrelétrica com reservatório <10 MW; 17.866,86 ;2018; 17.821,05 ;24
Hidrelétrica com reservatório <10 MW; 17.912,67 ;2019; 17.866,86 ;24
Hidrelétrica com reservatório <10 MW; 17.958,49 ;2020; 17.912,67 ;25
Hidrelétrica com reservatório <10 MW; 17.966,50 ;2021; 17.958,49 ;26
Hidrelétrica com reservatório <10 MW; 17.974,52 ;2022; 17.966,50 ;26
Hidrelétrica com reservatório <10 MW; 17.982,54 ;2023; 17.974,52 ;26
Hidrelétrica com reservatório <10 MW; 17.990,56 ;2024; 17.982,54 ;25
Hidrelétrica com reservatório <10 MW; 17.998,57 ;2025; 17.990,56 ;26
Hidrelétrica com reservatório <10 MW; 18.006,59 ;2026; 17.998,57 ;26
Hidrelétrica com reservatório <10 MW; 18.014,61 ;2027; 18.006,59 ;26
Hidrelétrica com reservatório <10 MW; 18.022,62 ;2028; 18.014,61 ;26
Hidrelétrica com reservatório <10 MW; 18.030,64 ;2029; 18.022,62 ;26
Hidrelétrica com reservatório <10 MW; 18.038,66 ;2030; 18.030,64 ;27
Hidrelétrica com reservatório <10 MW; 18.038,66 ;2031; 18.038,66 ;27
Hidrelétrica com reservatório <10 MW; 18.038,66 ;2032; 18.038,66 ;27
Hidrelétrica com reservatório <10 MW; 18.038,66 ;2033; 18.038,66 ;27
Hidrelétrica com reservatório <10 MW; 18.038,66 ;2034; 18.038,66 ;27
Hidrelétrica com reservatório <10 MW; 18.038,66 ;2035; 18.038,66 ;27
Hidrelétrica com reservatório <10 MW; 18.038,66 ;2036; 18.038,66 ;27
Hidrelétrica com reservatório <10 MW; 18.038,66 ;2037; 18.038,66 ;27
Hidrelétrica com reservatório <10 MW; 18.038,66 ;2038; 18.038,66 ;27
Hidrelétrica com reservatório <10 MW; 18.038,66 ;2039; 18.038,66 ;27
Hidrelétrica com reservatório <10 MW; 18.038,66 ;2040; 18.038,66 ;27
Hidrelétrica com reservatório <10 MW; 18.038,66 ;2041; 18.038,66 ;27
Hidrelétrica com reservatório <10 MW; 18.038,66 ;2042; 18.038,66 ;27
Hidrelétrica com reservatório <10 MW; 18.038,66 ;2043; 18.038,66 ;27
Hidrelétrica com reservatório <10 MW; 18.038,66 ;2044; 18.038,66 ;27
Hidrelétrica com reservatório <10 MW; 18.038,66 ;2045; 18.038,66 ;27
Hidrelétrica com reservatório <10 MW; 18.038,66 ;2046; 18.038,66 ;27
Hidrelétrica com reservatório <10 MW; 18.038,66 ;2047; 18.038,66 ;27
Hidrelétrica com reservatório <10 MW; 18.038,66 ;2048; 18.038,66 ;27
Hidrelétrica com reservatório <10 MW; 18.038,66 ;2049; 18.038,66 ;27
Hidrelétrica com reservatório <10 MW; 18.038,66 ;2050; 18.038,66 ;27
Oceânica Por Ondas; 36.398,00 ;2013;0;27
Oceânica Por Ondas; 34.513,97 ;2014; 36.398,00 ;27
Oceânica Por Ondas; 32.629,93 ;2015; 34.513,97 ;27
Oceânica Por Ondas; 30.745,89 ;2016; 32.629,93 ;27
Oceânica Por Ondas; 28.861,85 ;2017; 30.745,89 ;28
Oceânica Por Ondas; 26.977,82 ;2018; 28.861,85 ;28
Oceânica Por Ondas; 25.093,78 ;2019; 26.977,82 ;28
Oceânica Por Ondas; 23.209,74 ;2020; 25.093,78 ;28
Oceânica Por Ondas; 22.684,62 ;2021; 23.209,74 ;28
Oceânica Por Ondas; 22.159,49 ;2022; 22.684,62 ;27
Oceânica Por Ondas; 21.634,36 ;2023; 22.159,49 ;27
Oceânica Por Ondas; 21.109,24 ;2024; 21.634,36 ;26
Oceânica Por Ondas; 20.584,11 ;2025; 21.109,24 ;27
Oceânica Por Ondas; 20.058,99 ;2026; 20.584,11 ;27
Oceânica Por Ondas; 19.533,86 ;2027; 20.058,99 ;27
Oceânica Por Ondas; 19.008,74 ;2028; 19.533,86 ;27
Oceânica Por Ondas; 18.483,61 ;2029; 19.008,74 ;27
Oceânica Por Ondas; 17.958,49 ;2030; 18.483,61 ;26
Oceânica Por Ondas; 17.224,91 ;2031; 17.958,49 ;26
Oceânica Por Ondas; 16.491,34 ;2032; 17.224,91 ;26
Oceânica Por Ondas; 15.757,77 ;2033; 16.491,34 ;26
Oceânica Por Ondas; 15.024,20 ;2034; 15.757,77 ;26
Oceânica Por Ondas; 14.290,63 ;2035; 15.024,20 ;25
Oceânica Por Ondas; 13.557,05 ;2036; 14.290,63 ;25
Oceânica Por Ondas; 12.823,48 ;2037; 13.557,05 ;25
Oceânica Por Ondas; 12.089,91 ;2038; 12.823,48 ;25
Oceânica Por Ondas; 11.356,34 ;2039; 12.089,91 ;23
Oceânica Por Ondas; 10.622,77 ;2040; 11.356,34 ;21
Oceânica Por Ondas; 10.482,46 ;2041; 10.622,77 ;21
Oceânica Por Ondas; 10.342,16 ;2042; 10.482,46 ;21
Oceânica Por Ondas; 10.201,86 ;2043; 10.342,16 ;20
Oceânica Por Ondas; 10.061,56 ;2044; 10.201,86 ;20
Oceânica Por Ondas; 9.921,26 ;2045; 10.061,56 ;20
Oceânica Por Ondas; 9.780,96 ;2046; 9.921,26 ;20
Oceânica Por Ondas; 9.640,66 ;2047; 9.780,96 ;20
Oceânica Por Ondas; 9.500,36 ;2048; 9.640,66 ;20
Oceânica Por Ondas; 9.360,06 ;2049; 9.500,36 ;20
Oceânica Por Ondas; 9.219,76 ;2050; 9.360,06 ;19
Oceânica Por Marés; 42.891,92 ;2013;0;28
Oceânica Por Marés; 39.284,19 ;2014; 42.891,92 ;28
Oceânica Por Marés; 35.676,46 ;2015; 39.284,19 ;28
Oceânica Por Marés; 32.068,73 ;2016; 35.676,46 ;28
Oceânica Por Marés; 28.460,99 ;2017; 32.068,73 ;27
Oceânica Por Marés; 24.853,26 ;2018; 28.460,99 ;27
Oceânica Por Marés; 21.245,53 ;2019; 24.853,26 ;26
Oceânica Por Marés; 17.637,80 ;2020; 21.245,53 ;24
Oceânica Por Marés; 17.116,68 ;2021; 17.637,80 ;24
Oceânica Por Marés; 16.595,57 ;2022; 17.116,68 ;24
Oceânica Por Marés; 16.074,45 ;2023; 16.595,57 ;24
Oceânica Por Marés; 15.553,33 ;2024; 16.074,45 ;23
Oceânica Por Marés; 15.032,22 ;2025; 15.553,33 ;24
Oceânica Por Marés; 14.511,10 ;2026; 15.032,22 ;24
Oceânica Por Marés; 13.989,98 ;2027; 14.511,10 ;24
Oceânica Por Marés; 13.468,86 ;2028; 13.989,98 ;24
Oceânica Por Marés; 12.947,75 ;2029; 13.468,86 ;24
Oceânica Por Marés; 12.426,63 ;2030; 12.947,75 ;23
Oceânica Por Marés; 12.025,77 ;2031; 12.426,63 ;22
Oceânica Por Marés; 11.624,91 ;2032; 12.025,77 ;21
Oceânica Por Marés; 11.224,05 ;2033; 11.624,91 ;20
Oceânica Por Marés; 10.823,20 ;2034; 11.224,05 ;20
Oceânica Por Marés; 10.422,34 ;2035; 10.823,20 ;19
Oceânica Por Marés; 10.021,48 ;2036; 10.422,34 ;18
Oceânica Por Marés; 9.620,62 ;2037; 10.021,48 ;17
Oceânica Por Marés; 9.219,76 ;2038; 9.620,62 ;16
Oceânica Por Marés; 8.818,90 ;2039; 9.219,76 ;15
Oceânica Por Marés; 8.418,04 ;2040; 8.818,90 ;14
Oceânica Por Marés; 8.337,87 ;2041; 8.418,04 ;14
Oceânica Por Marés; 8.257,70 ;2042; 8.337,87 ;14
Oceânica Por Marés; 8.177,53 ;2043; 8.257,70 ;14
Oceânica Por Marés; 8.097,35 ;2044; 8.177,53 ;14
Oceânica Por Marés; 8.017,18 ;2045; 8.097,35 ;13
Oceânica Por Marés; 7.937,01 ;2046; 8.017,18 ;13
Oceânica Por Marés; 7.856,84 ;2047; 7.937,01 ;13
Oceânica Por Marés; 7.776,67 ;2048; 7.856,84 ;13
Oceânica Por Marés; 7.696,49 ;2049; 7.776,67 ;13
Oceânica Por Marés; 7.616,32 ;2050; 7.696,49 ;12
Turbina a Gás de Ciclo Aberto Convencional (OCGT); 3.086,61 ;2013;0;2
Turbina a Gás de Ciclo Aberto Convencional (OCGT); -   ;2014; 3.086,61 ;1
Turbina a Gás de Ciclo Aberto Convencional (OCGT); -   ;2015; -   ;1
Turbina a Gás de Ciclo Aberto Convencional (OCGT); -   ;2016; -   ;1
Turbina a Gás de Ciclo Aberto Convencional (OCGT); -   ;2017; -   ;1
Turbina a Gás de Ciclo Aberto Convencional (OCGT); -   ;2018; -   ;1
Turbina a Gás de Ciclo Aberto Convencional (OCGT); -   ;2019; -   ;1
Turbina a Gás de Ciclo Aberto Convencional (OCGT); -   ;2020; -   ;1
Turbina a Gás de Ciclo Aberto Convencional (OCGT); -   ;2021; -   ;1
Turbina a Gás de Ciclo Aberto Convencional (OCGT); -   ;2022; -   ;1
Turbina a Gás de Ciclo Aberto Convencional (OCGT); -   ;2023; -   ;1
Turbina a Gás de Ciclo Aberto Convencional (OCGT); -   ;2024; -   ;1
Turbina a Gás de Ciclo Aberto Convencional (OCGT); -   ;2025; -   ;1
Turbina a Gás de Ciclo Aberto Convencional (OCGT); -   ;2026; -   ;1
Turbina a Gás de Ciclo Aberto Convencional (OCGT); -   ;2027; -   ;1
Turbina a Gás de Ciclo Aberto Convencional (OCGT); -   ;2028; -   ;1
Turbina a Gás de Ciclo Aberto Convencional (OCGT); -   ;2029; -   ;1
Turbina a Gás de Ciclo Aberto Convencional (OCGT); -   ;2030; -   ;1
Turbina a Gás de Ciclo Aberto Convencional (OCGT); -   ;2031; -   ;1
Turbina a Gás de Ciclo Aberto Convencional (OCGT); -   ;2032; -   ;1
Turbina a Gás de Ciclo Aberto Convencional (OCGT); -   ;2033; -   ;1
Turbina a Gás de Ciclo Aberto Convencional (OCGT); -   ;2034; -   ;1
Turbina a Gás de Ciclo Aberto Convencional (OCGT); -   ;2035; -   ;1
Turbina a Gás de Ciclo Aberto Convencional (OCGT); -   ;2036; -   ;1
Turbina a Gás de Ciclo Aberto Convencional (OCGT); -   ;2037; -   ;1
Turbina a Gás de Ciclo Aberto Convencional (OCGT); -   ;2038; -   ;1
Turbina a Gás de Ciclo Aberto Convencional (OCGT); -   ;2039; -   ;1
Turbina a Gás de Ciclo Aberto Convencional (OCGT); -   ;2040; -   ;1
Turbina a Gás de Ciclo Aberto Convencional (OCGT); -   ;2041; -   ;1
Turbina a Gás de Ciclo Aberto Convencional (OCGT); -   ;2042; -   ;1
Turbina a Gás de Ciclo Aberto Convencional (OCGT); -   ;2043; -   ;1
Turbina a Gás de Ciclo Aberto Convencional (OCGT); -   ;2044; -   ;1
Turbina a Gás de Ciclo Aberto Convencional (OCGT); -   ;2045; -   ;1
Turbina a Gás de Ciclo Aberto Convencional (OCGT); -   ;2046; -   ;1
Turbina a Gás de Ciclo Aberto Convencional (OCGT); -   ;2047; -   ;1
Turbina a Gás de Ciclo Aberto Convencional (OCGT); -   ;2048; -   ;1
Turbina a Gás de Ciclo Aberto Convencional (OCGT); -   ;2049; -   ;1
Turbina a Gás de Ciclo Aberto Convencional (OCGT); -   ;2050; -   ;1
Turbina a Gás de Avançada (CCGT); 3.407,30 ;2013;0;3
Turbina a Gás de Avançada (CCGT); 3.407,30 ;2014; 3.407,30 ;4
Turbina a Gás de Avançada (CCGT); 3.407,30 ;2015; 3.407,30 ;4
Turbina a Gás de Avançada (CCGT); 3.407,30 ;2016; 3.407,30 ;4
Turbina a Gás de Avançada (CCGT); 3.407,30 ;2017; 3.407,30 ;4
Turbina a Gás de Avançada (CCGT); 3.407,30 ;2018; 3.407,30 ;4
Turbina a Gás de Avançada (CCGT); 3.407,30 ;2019; 3.407,30 ;5
Turbina a Gás de Avançada (CCGT); 3.407,30 ;2020; 3.407,30 ;5
Turbina a Gás de Avançada (CCGT); 3.407,30 ;2021; 3.407,30 ;5
Turbina a Gás de Avançada (CCGT); 3.407,30 ;2022; 3.407,30 ;5
Turbina a Gás de Avançada (CCGT); 3.407,30 ;2023; 3.407,30 ;5
Turbina a Gás de Avançada (CCGT); 3.407,30 ;2024; 3.407,30 ;4
Turbina a Gás de Avançada (CCGT); 3.407,30 ;2025; 3.407,30 ;5
Turbina a Gás de Avançada (CCGT); 3.407,30 ;2026; 3.407,30 ;6
Turbina a Gás de Avançada (CCGT); 3.407,30 ;2027; 3.407,30 ;6
Turbina a Gás de Avançada (CCGT); 3.407,30 ;2028; 3.407,30 ;6
Turbina a Gás de Avançada (CCGT); 3.407,30 ;2029; 3.407,30 ;6
Turbina a Gás de Avançada (CCGT); 3.407,30 ;2030; 3.407,30 ;6
Turbina a Gás de Avançada (CCGT); 3.407,30 ;2031; 3.407,30 ;6
Turbina a Gás de Avançada (CCGT); 3.407,30 ;2032; 3.407,30 ;6
Turbina a Gás de Avançada (CCGT); 3.407,30 ;2033; 3.407,30 ;6
Turbina a Gás de Avançada (CCGT); 3.407,30 ;2034; 3.407,30 ;6
Turbina a Gás de Avançada (CCGT); 3.407,30 ;2035; 3.407,30 ;6
Turbina a Gás de Avançada (CCGT); 3.407,30 ;2036; 3.407,30 ;6
Turbina a Gás de Avançada (CCGT); 3.407,30 ;2037; 3.407,30 ;6
Turbina a Gás de Avançada (CCGT); 3.407,30 ;2038; 3.407,30 ;6
Turbina a Gás de Avançada (CCGT); 3.407,30 ;2039; 3.407,30 ;6
Turbina a Gás de Avançada (CCGT); 3.407,30 ;2040; 3.407,30 ;6
Turbina a Gás de Avançada (CCGT); 3.407,30 ;2041; 3.407,30 ;6
Turbina a Gás de Avançada (CCGT); 3.407,30 ;2042; 3.407,30 ;6
Turbina a Gás de Avançada (CCGT); 3.407,30 ;2043; 3.407,30 ;6
Turbina a Gás de Avançada (CCGT); 3.407,30 ;2044; 3.407,30 ;6
Turbina a Gás de Avançada (CCGT); 3.407,30 ;2045; 3.407,30 ;6
Turbina a Gás de Avançada (CCGT); 3.407,30 ;2046; 3.407,30 ;6
Turbina a Gás de Avançada (CCGT); 3.407,30 ;2047; 3.407,30 ;6
Turbina a Gás de Avançada (CCGT); 3.407,30 ;2048; 3.407,30 ;6
Turbina a Gás de Avançada (CCGT); 3.407,30 ;2049; 3.407,30 ;6
Turbina a Gás de Avançada (CCGT); 3.407,30 ;2050; 3.407,30 ;6
Carvão Pulverizado Supercrítico; 6.413,75 ;2013;0;10
Carvão Pulverizado Supercrítico; 6.413,75 ;2014; 6.413,75 ;10
Carvão Pulverizado Supercrítico; 6.413,75 ;2015; 6.413,75 ;10
Carvão Pulverizado Supercrítico; 6.413,75 ;2016; 6.413,75 ;10
Carvão Pulverizado Supercrítico; 6.413,75 ;2017; 6.413,75 ;10
Carvão Pulverizado Supercrítico; 6.413,75 ;2018; 6.413,75 ;10
Carvão Pulverizado Supercrítico; 6.413,75 ;2019; 6.413,75 ;10
Carvão Pulverizado Supercrítico; 6.413,75 ;2020; 6.413,75 ;10
Carvão Pulverizado Supercrítico; 6.413,75 ;2021; 6.413,75 ;10
Carvão Pulverizado Supercrítico; 6.413,75 ;2022; 6.413,75 ;10
Carvão Pulverizado Supercrítico; 6.413,75 ;2023; 6.413,75 ;10
Carvão Pulverizado Supercrítico; 6.413,75 ;2024; 6.413,75 ;9
Carvão Pulverizado Supercrítico; 6.413,75 ;2025; 6.413,75 ;10
Carvão Pulverizado Supercrítico; 6.413,75 ;2026; 6.413,75 ;10
Carvão Pulverizado Supercrítico; 6.413,75 ;2027; 6.413,75 ;10
Carvão Pulverizado Supercrítico; 6.413,75 ;2028; 6.413,75 ;10
Carvão Pulverizado Supercrítico; 6.413,75 ;2029; 6.413,75 ;10
Carvão Pulverizado Supercrítico; 6.413,75 ;2030; 6.413,75 ;10
Carvão Pulverizado Supercrítico; 6.413,75 ;2031; 6.413,75 ;10
Carvão Pulverizado Supercrítico; 6.413,75 ;2032; 6.413,75 ;10
Carvão Pulverizado Supercrítico; 6.413,75 ;2033; 6.413,75 ;10
Carvão Pulverizado Supercrítico; 6.413,75 ;2034; 6.413,75 ;10
Carvão Pulverizado Supercrítico; 6.413,75 ;2035; 6.413,75 ;10
Carvão Pulverizado Supercrítico; 6.413,75 ;2036; 6.413,75 ;10
Carvão Pulverizado Supercrítico; 6.413,75 ;2037; 6.413,75 ;10
Carvão Pulverizado Supercrítico; 6.413,75 ;2038; 6.413,75 ;10
Carvão Pulverizado Supercrítico; 6.413,75 ;2039; 6.413,75 ;10
Carvão Pulverizado Supercrítico; 6.413,75 ;2040; 6.413,75 ;10
Carvão Pulverizado Supercrítico; 6.413,75 ;2041; 6.413,75 ;10
Carvão Pulverizado Supercrítico; 6.413,75 ;2042; 6.413,75 ;10
Carvão Pulverizado Supercrítico; 6.413,75 ;2043; 6.413,75 ;10
Carvão Pulverizado Supercrítico; 6.413,75 ;2044; 6.413,75 ;10
Carvão Pulverizado Supercrítico; 6.413,75 ;2045; 6.413,75 ;10
Carvão Pulverizado Supercrítico; 6.413,75 ;2046; 6.413,75 ;10
Carvão Pulverizado Supercrítico; 6.413,75 ;2047; 6.413,75 ;10
Carvão Pulverizado Supercrítico; 6.413,75 ;2048; 6.413,75 ;10
Carvão Pulverizado Supercrítico; 6.413,75 ;2049; 6.413,75 ;10
Carvão Pulverizado Supercrítico; 6.413,75 ;2050; 6.413,75 ;10
Lignito Pulverizado Supercrítico; 8.017,18 ;2013;0;12
Lignito Pulverizado Supercrítico; 8.017,18 ;2014; 8.017,18 ;12
Lignito Pulverizado Supercrítico; 8.017,18 ;2015; 8.017,18 ;12
Lignito Pulverizado Supercrítico; 8.017,18 ;2016; 8.017,18 ;12
Lignito Pulverizado Supercrítico; 8.017,18 ;2017; 8.017,18 ;12
Lignito Pulverizado Supercrítico; 8.017,18 ;2018; 8.017,18 ;12
Lignito Pulverizado Supercrítico; 8.017,18 ;2019; 8.017,18 ;12
Lignito Pulverizado Supercrítico; 8.017,18 ;2020; 8.017,18 ;12
Lignito Pulverizado Supercrítico; 8.017,18 ;2021; 8.017,18 ;12
Lignito Pulverizado Supercrítico; 8.017,18 ;2022; 8.017,18 ;12
Lignito Pulverizado Supercrítico; 8.017,18 ;2023; 8.017,18 ;12
Lignito Pulverizado Supercrítico; 8.017,18 ;2024; 8.017,18 ;11
Lignito Pulverizado Supercrítico; 8.017,18 ;2025; 8.017,18 ;12
Lignito Pulverizado Supercrítico; 8.017,18 ;2026; 8.017,18 ;12
Lignito Pulverizado Supercrítico; 8.017,18 ;2027; 8.017,18 ;12
Lignito Pulverizado Supercrítico; 8.017,18 ;2028; 8.017,18 ;12
Lignito Pulverizado Supercrítico; 8.017,18 ;2029; 8.017,18 ;12
Lignito Pulverizado Supercrítico; 8.017,18 ;2030; 8.017,18 ;12
Lignito Pulverizado Supercrítico; 8.017,18 ;2031; 8.017,18 ;12
Lignito Pulverizado Supercrítico; 8.017,18 ;2032; 8.017,18 ;12
Lignito Pulverizado Supercrítico; 8.017,18 ;2033; 8.017,18 ;12
Lignito Pulverizado Supercrítico; 8.017,18 ;2034; 8.017,18 ;12
Lignito Pulverizado Supercrítico; 8.017,18 ;2035; 8.017,18 ;12
Lignito Pulverizado Supercrítico; 8.017,18 ;2036; 8.017,18 ;12
Lignito Pulverizado Supercrítico; 8.017,18 ;2037; 8.017,18 ;12
Lignito Pulverizado Supercrítico; 8.017,18 ;2038; 8.017,18 ;12
Lignito Pulverizado Supercrítico; 8.017,18 ;2039; 8.017,18 ;12
Lignito Pulverizado Supercrítico; 8.017,18 ;2040; 8.017,18 ;12
Lignito Pulverizado Supercrítico; 8.017,18 ;2041; 8.017,18 ;12
Lignito Pulverizado Supercrítico; 8.017,18 ;2042; 8.017,18 ;12
Lignito Pulverizado Supercrítico; 8.017,18 ;2043; 8.017,18 ;13
Lignito Pulverizado Supercrítico; 8.017,18 ;2044; 8.017,18 ;13
Lignito Pulverizado Supercrítico; 8.017,18 ;2045; 8.017,18 ;13
Lignito Pulverizado Supercrítico; 8.017,18 ;2046; 8.017,18 ;14
Lignito Pulverizado Supercrítico; 8.017,18 ;2047; 8.017,18 ;14
Lignito Pulverizado Supercrítico; 8.017,18 ;2048; 8.017,18 ;15
Lignito Pulverizado Supercrítico; 8.017,18 ;2049; 8.017,18 ;15
Lignito Pulverizado Supercrítico; 8.017,18 ;2050; 8.017,18 ;15
Leito Fluidizado Supercrítico; 7.616,32 ;2013;0;11
Leito Fluidizado Supercrítico; 7.616,32 ;2014; 7.616,32 ;11
Leito Fluidizado Supercrítico; 7.616,32 ;2015; 7.616,32 ;11
Leito Fluidizado Supercrítico; 7.616,32 ;2016; 7.616,32 ;11
Leito Fluidizado Supercrítico; 7.616,32 ;2017; 7.616,32 ;11
Leito Fluidizado Supercrítico; 7.616,32 ;2018; 7.616,32 ;11
Leito Fluidizado Supercrítico; 7.616,32 ;2019; 7.616,32 ;11
Leito Fluidizado Supercrítico; 7.616,32 ;2020; 7.616,32 ;11
Leito Fluidizado Supercrítico; 7.616,32 ;2021; 7.616,32 ;11
Leito Fluidizado Supercrítico; 7.616,32 ;2022; 7.616,32 ;11
Leito Fluidizado Supercrítico; 7.616,32 ;2023; 7.616,32 ;11
Leito Fluidizado Supercrítico; 7.616,32 ;2024; 7.616,32 ;10
Leito Fluidizado Supercrítico; 7.616,32 ;2025; 7.616,32 ;11
Leito Fluidizado Supercrítico; 7.616,32 ;2026; 7.616,32 ;11
Leito Fluidizado Supercrítico; 7.616,32 ;2027; 7.616,32 ;11
Leito Fluidizado Supercrítico; 7.616,32 ;2028; 7.616,32 ;11
Leito Fluidizado Supercrítico; 7.616,32 ;2029; 7.616,32 ;11
Leito Fluidizado Supercrítico; 7.616,32 ;2030; 7.616,32 ;11
Leito Fluidizado Supercrítico; 7.616,32 ;2031; 7.616,32 ;11
Leito Fluidizado Supercrítico; 7.616,32 ;2032; 7.616,32 ;11
Leito Fluidizado Supercrítico; 7.616,32 ;2033; 7.616,32 ;11
Leito Fluidizado Supercrítico; 7.616,32 ;2034; 7.616,32 ;11
Leito Fluidizado Supercrítico; 7.616,32 ;2035; 7.616,32 ;11
Leito Fluidizado Supercrítico; 7.616,32 ;2036; 7.616,32 ;11
Leito Fluidizado Supercrítico; 7.616,32 ;2037; 7.616,32 ;11
Leito Fluidizado Supercrítico; 7.616,32 ;2038; 7.616,32 ;11
Leito Fluidizado Supercrítico; 7.616,32 ;2039; 7.616,32 ;11
Leito Fluidizado Supercrítico; 7.616,32 ;2040; 7.616,32 ;11
Leito Fluidizado Supercrítico; 7.616,32 ;2041; 7.616,32 ;11
Leito Fluidizado Supercrítico; 7.616,32 ;2042; 7.616,32 ;11
Leito Fluidizado Supercrítico; 7.616,32 ;2043; 7.616,32 ;11
Leito Fluidizado Supercrítico; 7.616,32 ;2044; 7.616,32 ;11
Leito Fluidizado Supercrítico; 7.616,32 ;2045; 7.616,32 ;11
Leito Fluidizado Supercrítico; 7.616,32 ;2046; 7.616,32 ;11
Leito Fluidizado Supercrítico; 7.616,32 ;2047; 7.616,32 ;12
Leito Fluidizado Supercrítico; 7.616,32 ;2048; 7.616,32 ;12
Leito Fluidizado Supercrítico; 7.616,32 ;2049; 7.616,32 ;12
Leito Fluidizado Supercrítico; 7.616,32 ;2050; 7.616,32 ;12
Ciclo Integrado de Gaseificação com Carvão (IGCC); 10.021,48 ;2013;0;14
Ciclo Integrado de Gaseificação com Carvão (IGCC); 9.906,95 ;2014; 10.021,48 ;14
Ciclo Integrado de Gaseificação com Carvão (IGCC); 9.792,41 ;2015; 9.906,95 ;14
Ciclo Integrado de Gaseificação com Carvão (IGCC); 9.677,88 ;2016; 9.792,41 ;14
Ciclo Integrado de Gaseificação com Carvão (IGCC); 9.563,35 ;2017; 9.677,88 ;14
Ciclo Integrado de Gaseificação com Carvão (IGCC); 9.448,82 ;2018; 9.563,35 ;14
Ciclo Integrado de Gaseificação com Carvão (IGCC); 9.334,29 ;2019; 9.448,82 ;14
Ciclo Integrado de Gaseificação com Carvão (IGCC); 9.219,76 ;2020; 9.334,29 ;14
Ciclo Integrado de Gaseificação com Carvão (IGCC); 9.219,76 ;2021; 9.219,76 ;14
Ciclo Integrado de Gaseificação com Carvão (IGCC); 9.219,76 ;2022; 9.219,76 ;14
Ciclo Integrado de Gaseificação com Carvão (IGCC); 9.219,76 ;2023; 9.219,76 ;14
Ciclo Integrado de Gaseificação com Carvão (IGCC); 9.219,76 ;2024; 9.219,76 ;13
Ciclo Integrado de Gaseificação com Carvão (IGCC); 9.219,76 ;2025; 9.219,76 ;14
Ciclo Integrado de Gaseificação com Carvão (IGCC); 9.219,76 ;2026; 9.219,76 ;14
Ciclo Integrado de Gaseificação com Carvão (IGCC); 9.219,76 ;2027; 9.219,76 ;14
Ciclo Integrado de Gaseificação com Carvão (IGCC); 9.219,76 ;2028; 9.219,76 ;14
Ciclo Integrado de Gaseificação com Carvão (IGCC); 9.219,76 ;2029; 9.219,76 ;14
Ciclo Integrado de Gaseificação com Carvão (IGCC); 9.219,76 ;2030; 9.219,76 ;14
Ciclo Integrado de Gaseificação com Carvão (IGCC); 9.219,76 ;2031; 9.219,76 ;14
Ciclo Integrado de Gaseificação com Carvão (IGCC); 9.219,76 ;2032; 9.219,76 ;15
Ciclo Integrado de Gaseificação com Carvão (IGCC); 9.219,76 ;2033; 9.219,76 ;15
Ciclo Integrado de Gaseificação com Carvão (IGCC); 9.219,76 ;2034; 9.219,76 ;16
Ciclo Integrado de Gaseificação com Carvão (IGCC); 9.219,76 ;2035; 9.219,76 ;16
Ciclo Integrado de Gaseificação com Carvão (IGCC); 9.219,76 ;2036; 9.219,76 ;16
Ciclo Integrado de Gaseificação com Carvão (IGCC); 9.219,76 ;2037; 9.219,76 ;16
Ciclo Integrado de Gaseificação com Carvão (IGCC); 9.219,76 ;2038; 9.219,76 ;16
Ciclo Integrado de Gaseificação com Carvão (IGCC); 9.219,76 ;2039; 9.219,76 ;17
Ciclo Integrado de Gaseificação com Carvão (IGCC); 9.219,76 ;2040; 9.219,76 ;17
Ciclo Integrado de Gaseificação com Carvão (IGCC); 9.179,67 ;2041; 9.219,76 ;17
Ciclo Integrado de Gaseificação com Carvão (IGCC); 9.139,59 ;2042; 9.179,67 ;17
Ciclo Integrado de Gaseificação com Carvão (IGCC); 9.099,50 ;2043; 9.139,59 ;17
Ciclo Integrado de Gaseificação com Carvão (IGCC); 9.059,42 ;2044; 9.099,50 ;17
Ciclo Integrado de Gaseificação com Carvão (IGCC); 9.019,33 ;2045; 9.059,42 ;17
Ciclo Integrado de Gaseificação com Carvão (IGCC); 8.979,24 ;2046; 9.019,33 ;17
Ciclo Integrado de Gaseificação com Carvão (IGCC); 8.939,16 ;2047; 8.979,24 ;17
Ciclo Integrado de Gaseificação com Carvão (IGCC); 8.899,07 ;2048; 8.939,16 ;17
Ciclo Integrado de Gaseificação com Carvão (IGCC); 8.858,99 ;2049; 8.899,07 ;17
Ciclo Integrado de Gaseificação com Carvão (IGCC); 8.818,90 ;2050; 8.858,99 ;16
Ciclo Integrado de Gaseificação com Lignito; 12.426,63 ;2013;0;18
Ciclo Integrado de Gaseificação com Lignito; 12.369,37 ;2014; 12.426,63 ;19
Ciclo Integrado de Gaseificação com Lignito; 12.312,10 ;2015; 12.369,37 ;19
Ciclo Integrado de Gaseificação com Lignito; 12.254,83 ;2016; 12.312,10 ;19
Ciclo Integrado de Gaseificação com Lignito; 12.197,57 ;2017; 12.254,83 ;19
Ciclo Integrado de Gaseificação com Lignito; 12.140,30 ;2018; 12.197,57 ;19
Ciclo Integrado de Gaseificação com Lignito; 12.083,04 ;2019; 12.140,30 ;20
Ciclo Integrado de Gaseificação com Lignito; 12.025,77 ;2020; 12.083,04 ;20
Ciclo Integrado de Gaseificação com Lignito; 12.025,77 ;2021; 12.025,77 ;20
Ciclo Integrado de Gaseificação com Lignito; 12.025,77 ;2022; 12.025,77 ;20
Ciclo Integrado de Gaseificação com Lignito; 12.025,77 ;2023; 12.025,77 ;20
Ciclo Integrado de Gaseificação com Lignito; 12.025,77 ;2024; 12.025,77 ;19
Ciclo Integrado de Gaseificação com Lignito; 12.025,77 ;2025; 12.025,77 ;21
Ciclo Integrado de Gaseificação com Lignito; 12.025,77 ;2026; 12.025,77 ;21
Ciclo Integrado de Gaseificação com Lignito; 12.025,77 ;2027; 12.025,77 ;21
Ciclo Integrado de Gaseificação com Lignito; 12.025,77 ;2028; 12.025,77 ;21
Ciclo Integrado de Gaseificação com Lignito; 12.025,77 ;2029; 12.025,77 ;21
Ciclo Integrado de Gaseificação com Lignito; 12.025,77 ;2030; 12.025,77 ;22
Ciclo Integrado de Gaseificação com Lignito; 12.025,77 ;2031; 12.025,77 ;22
Ciclo Integrado de Gaseificação com Lignito; 12.025,77 ;2032; 12.025,77 ;23
Ciclo Integrado de Gaseificação com Lignito; 12.025,77 ;2033; 12.025,77 ;23
Ciclo Integrado de Gaseificação com Lignito; 12.025,77 ;2034; 12.025,77 ;23
Ciclo Integrado de Gaseificação com Lignito; 12.025,77 ;2035; 12.025,77 ;24
Ciclo Integrado de Gaseificação com Lignito; 12.025,77 ;2036; 12.025,77 ;24
Ciclo Integrado de Gaseificação com Lignito; 12.025,77 ;2037; 12.025,77 ;24
Ciclo Integrado de Gaseificação com Lignito; 12.025,77 ;2038; 12.025,77 ;24
Ciclo Integrado de Gaseificação com Lignito; 12.025,77 ;2039; 12.025,77 ;25
Ciclo Integrado de Gaseificação com Lignito; 12.025,77 ;2040; 12.025,77 ;25
Ciclo Integrado de Gaseificação com Lignito; 12.025,77 ;2041; 12.025,77 ;25
Ciclo Integrado de Gaseificação com Lignito; 12.025,77 ;2042; 12.025,77 ;25
Ciclo Integrado de Gaseificação com Lignito; 12.025,77 ;2043; 12.025,77 ;25
Ciclo Integrado de Gaseificação com Lignito; 12.025,77 ;2044; 12.025,77 ;25
Ciclo Integrado de Gaseificação com Lignito; 12.025,77 ;2045; 12.025,77 ;25
Ciclo Integrado de Gaseificação com Lignito; 12.025,77 ;2046; 12.025,77 ;25
Ciclo Integrado de Gaseificação com Lignito; 12.025,77 ;2047; 12.025,77 ;25
Ciclo Integrado de Gaseificação com Lignito; 12.025,77 ;2048; 12.025,77 ;25
Ciclo Integrado de Gaseificação com Lignito; 12.025,77 ;2049; 12.025,77 ;25
Ciclo Integrado de Gaseificação com Lignito; 12.025,77 ;2050; 12.025,77 ;25
Turbina com Forno a Grelha; 11.584,83 ;2013;0;15
Turbina com Forno a Grelha; 11.430,21 ;2014; 11.584,83 ;15
Turbina com Forno a Grelha; 11.275,59 ;2015; 11.430,21 ;15
Turbina com Forno a Grelha; 11.120,98 ;2016; 11.275,59 ;15
Turbina com Forno a Grelha; 10.966,36 ;2017; 11.120,98 ;15
Turbina com Forno a Grelha; 10.811,74 ;2018; 10.966,36 ;15
Turbina com Forno a Grelha; 10.657,12 ;2019; 10.811,74 ;15
Turbina com Forno a Grelha; 10.502,51 ;2020; 10.657,12 ;15
Turbina com Forno a Grelha; 10.402,29 ;2021; 10.502,51 ;16
Turbina com Forno a Grelha; 10.302,08 ;2022; 10.402,29 ;16
Turbina com Forno a Grelha; 10.201,86 ;2023; 10.302,08 ;16
Turbina com Forno a Grelha; 10.101,65 ;2024; 10.201,86 ;15
Turbina com Forno a Grelha; 10.001,43 ;2025; 10.101,65 ;16
Turbina com Forno a Grelha; 9.901,22 ;2026; 10.001,43 ;16
Turbina com Forno a Grelha; 9.801,00 ;2027; 9.901,22 ;16
Turbina com Forno a Grelha; 9.700,79 ;2028; 9.801,00 ;16
Turbina com Forno a Grelha; 9.600,57 ;2029; 9.700,79 ;16
Turbina com Forno a Grelha; 9.500,36 ;2030; 9.600,57 ;16
Turbina com Forno a Grelha; 9.412,17 ;2031; 9.500,36 ;16
Turbina com Forno a Grelha; 9.323,98 ;2032; 9.412,17 ;16
Turbina com Forno a Grelha; 9.235,79 ;2033; 9.323,98 ;16
Turbina com Forno a Grelha; 9.147,60 ;2034; 9.235,79 ;15
Turbina com Forno a Grelha; 9.059,42 ;2035; 9.147,60 ;15
Turbina com Forno a Grelha; 8.971,23 ;2036; 9.059,42 ;15
Turbina com Forno a Grelha; 8.883,04 ;2037; 8.971,23 ;15
Turbina com Forno a Grelha; 8.794,85 ;2038; 8.883,04 ;14
Turbina com Forno a Grelha; 8.706,66 ;2039; 8.794,85 ;14
Turbina com Forno a Grelha; 8.618,47 ;2040; 8.706,66 ;15
Turbina com Forno a Grelha; 8.538,30 ;2041; 8.618,47 ;15
Turbina com Forno a Grelha; 8.458,13 ;2042; 8.538,30 ;15
Turbina com Forno a Grelha; 8.377,95 ;2043; 8.458,13 ;15
Turbina com Forno a Grelha; 8.297,78 ;2044; 8.377,95 ;15
Turbina com Forno a Grelha; 8.217,61 ;2045; 8.297,78 ;15
Turbina com Forno a Grelha; 8.137,44 ;2046; 8.217,61 ;15
Turbina com Forno a Grelha; 8.057,27 ;2047; 8.137,44 ;15
Turbina com Forno a Grelha; 7.977,10 ;2048; 8.057,27 ;14
Turbina com Forno a Grelha; 7.896,92 ;2049; 7.977,10 ;14
Turbina com Forno a Grelha; 7.816,75 ;2050; 7.896,92 ;14
Caldeira de leito Fluidizado com Turbina a Vapor; 11.865,43 ;2013;0;16
Caldeira de leito Fluidizado com Turbina a Vapor; 11.670,73 ;2014; 11.865,43 ;16
Caldeira de leito Fluidizado com Turbina a Vapor; 11.476,02 ;2015; 11.670,73 ;16
Caldeira de leito Fluidizado com Turbina a Vapor; 11.281,32 ;2016; 11.476,02 ;16
Caldeira de leito Fluidizado com Turbina a Vapor; 11.086,62 ;2017; 11.281,32 ;16
Caldeira de leito Fluidizado com Turbina a Vapor; 10.891,91 ;2018; 11.086,62 ;16
Caldeira de leito Fluidizado com Turbina a Vapor; 10.697,21 ;2019; 10.891,91 ;16
Caldeira de leito Fluidizado com Turbina a Vapor; 10.502,51 ;2020; 10.697,21 ;15
Caldeira de leito Fluidizado com Turbina a Vapor; 10.386,26 ;2021; 10.502,51 ;15
Caldeira de leito Fluidizado com Turbina a Vapor; 10.270,01 ;2022; 10.386,26 ;15
Caldeira de leito Fluidizado com Turbina a Vapor; 10.153,76 ;2023; 10.270,01 ;15
Caldeira de leito Fluidizado com Turbina a Vapor; 10.037,51 ;2024; 10.153,76 ;14
Caldeira de leito Fluidizado com Turbina a Vapor; 9.921,26 ;2025; 10.037,51 ;15
Caldeira de leito Fluidizado com Turbina a Vapor; 9.805,01 ;2026; 9.921,26 ;15
Caldeira de leito Fluidizado com Turbina a Vapor; 9.688,76 ;2027; 9.805,01 ;15
Caldeira de leito Fluidizado com Turbina a Vapor; 9.572,51 ;2028; 9.688,76 ;15
Caldeira de leito Fluidizado com Turbina a Vapor; 9.456,27 ;2029; 9.572,51 ;15
Caldeira de leito Fluidizado com Turbina a Vapor; 9.340,02 ;2030; 9.456,27 ;15
Caldeira de leito Fluidizado com Turbina a Vapor; 9.231,78 ;2031; 9.340,02 ;15
Caldeira de leito Fluidizado com Turbina a Vapor; 9.123,55 ;2032; 9.231,78 ;14
Caldeira de leito Fluidizado com Turbina a Vapor; 9.015,32 ;2033; 9.123,55 ;14
Caldeira de leito Fluidizado com Turbina a Vapor; 8.907,09 ;2034; 9.015,32 ;14
Caldeira de leito Fluidizado com Turbina a Vapor; 8.798,86 ;2035; 8.907,09 ;13
Caldeira de leito Fluidizado com Turbina a Vapor; 8.690,62 ;2036; 8.798,86 ;13
Caldeira de leito Fluidizado com Turbina a Vapor; 8.582,39 ;2037; 8.690,62 ;13
Caldeira de leito Fluidizado com Turbina a Vapor; 8.474,16 ;2038; 8.582,39 ;13
Caldeira de leito Fluidizado com Turbina a Vapor; 8.365,93 ;2039; 8.474,16 ;13
Caldeira de leito Fluidizado com Turbina a Vapor; 8.257,70 ;2040; 8.365,93 ;13
Caldeira de leito Fluidizado com Turbina a Vapor; 8.165,50 ;2041; 8.257,70 ;13
Caldeira de leito Fluidizado com Turbina a Vapor; 8.073,30 ;2042; 8.165,50 ;13
Caldeira de leito Fluidizado com Turbina a Vapor; 7.981,10 ;2043; 8.073,30 ;12
Caldeira de leito Fluidizado com Turbina a Vapor; 7.888,91 ;2044; 7.981,10 ;12
Caldeira de leito Fluidizado com Turbina a Vapor; 7.796,71 ;2045; 7.888,91 ;12
Caldeira de leito Fluidizado com Turbina a Vapor; 7.704,51 ;2046; 7.796,71 ;12
Caldeira de leito Fluidizado com Turbina a Vapor; 7.612,31 ;2047; 7.704,51 ;11
Caldeira de leito Fluidizado com Turbina a Vapor; 7.520,12 ;2048; 7.612,31 ;11
Caldeira de leito Fluidizado com Turbina a Vapor; 7.427,92 ;2049; 7.520,12 ;11
Caldeira de leito Fluidizado com Turbina a Vapor; 7.335,72 ;2050; 7.427,92 ;11
Biomassa IGCC; 19.281,32 ;2013;0;24
Biomassa IGCC; 18.708,67 ;2014; 19.281,32 ;24
Biomassa IGCC; 18.136,01 ;2015; 18.708,67 ;24
Biomassa IGCC; 17.563,35 ;2016; 18.136,01 ;23
Biomassa IGCC; 16.990,70 ;2017; 17.563,35 ;23
Biomassa IGCC; 16.418,04 ;2018; 16.990,70 ;23
Biomassa IGCC; 15.845,39 ;2019; 16.418,04 ;23
Biomassa IGCC; 15.272,73 ;2020; 15.845,39 ;23
Biomassa IGCC; 15.004,16 ;2021; 15.272,73 ;23
Biomassa IGCC; 14.735,58 ;2022; 15.004,16 ;23
Biomassa IGCC; 14.467,00 ;2023; 14.735,58 ;23
Biomassa IGCC; 14.198,43 ;2024; 14.467,00 ;22
Biomassa IGCC; 13.929,85 ;2025; 14.198,43 ;23
Biomassa IGCC; 13.661,28 ;2026; 13.929,85 ;23
Biomassa IGCC; 13.392,70 ;2027; 13.661,28 ;23
Biomassa IGCC; 13.124,13 ;2028; 13.392,70 ;23
Biomassa IGCC; 12.855,55 ;2029; 13.124,13 ;23
Biomassa IGCC; 12.586,97 ;2030; 12.855,55 ;24
Biomassa IGCC; 12.466,72 ;2031; 12.586,97 ;24
Biomassa IGCC; 12.346,46 ;2032; 12.466,72 ;24
Biomassa IGCC; 12.226,20 ;2033; 12.346,46 ;24
Biomassa IGCC; 12.105,94 ;2034; 12.226,20 ;24
Biomassa IGCC; 11.985,69 ;2035; 12.105,94 ;23
Biomassa IGCC; 11.865,43 ;2036; 11.985,69 ;23
Biomassa IGCC; 11.745,17 ;2037; 11.865,43 ;23
Biomassa IGCC; 11.624,91 ;2038; 11.745,17 ;23
Biomassa IGCC; 11.504,66 ;2039; 11.624,91 ;24
Biomassa IGCC; 11.384,40 ;2040; 11.504,66 ;24
Biomassa IGCC; 11.272,16 ;2041; 11.384,40 ;23
Biomassa IGCC; 11.159,92 ;2042; 11.272,16 ;23
Biomassa IGCC; 11.047,68 ;2043; 11.159,92 ;23
Biomassa IGCC; 10.935,44 ;2044; 11.047,68 ;23
Biomassa IGCC; 10.823,20 ;2045; 10.935,44 ;23
Biomassa IGCC; 10.710,95 ;2046; 10.823,20 ;23
Biomassa IGCC; 10.598,71 ;2047; 10.710,95 ;23
Biomassa IGCC; 10.486,47 ;2048; 10.598,71 ;23
Biomassa IGCC; 10.374,23 ;2049; 10.486,47 ;23
Biomassa IGCC; 10.261,99 ;2050; 10.374,23 ;23
Digestão Anaeróbica; 15.553,33 ;2013;0;22
Digestão Anaeróbica; 15.152,47 ;2014; 15.553,33 ;22
Digestão Anaeróbica; 14.751,61 ;2015; 15.152,47 ;22
Digestão Anaeróbica; 14.350,75 ;2016; 14.751,61 ;22
Digestão Anaeróbica; 13.949,90 ;2017; 14.350,75 ;22
Digestão Anaeróbica; 13.549,04 ;2018; 13.949,90 ;21
Digestão Anaeróbica; 13.148,18 ;2019; 13.549,04 ;21
Digestão Anaeróbica; 12.747,32 ;2020; 13.148,18 ;21
Digestão Anaeróbica; 12.578,96 ;2021; 12.747,32 ;21
Digestão Anaeróbica; 12.410,60 ;2022; 12.578,96 ;21
Digestão Anaeróbica; 12.242,24 ;2023; 12.410,60 ;21
Digestão Anaeróbica; 12.073,88 ;2024; 12.242,24 ;20
Digestão Anaeróbica; 11.905,51 ;2025; 12.073,88 ;20
Digestão Anaeróbica; 11.737,15 ;2026; 11.905,51 ;20
Digestão Anaeróbica; 11.568,79 ;2027; 11.737,15 ;20
Digestão Anaeróbica; 11.400,43 ;2028; 11.568,79 ;20
Digestão Anaeróbica; 11.232,07 ;2029; 11.400,43 ;19
Digestão Anaeróbica; 11.063,71 ;2030; 11.232,07 ;19
Digestão Anaeróbica; 10.967,50 ;2031; 11.063,71 ;19
Digestão Anaeróbica; 10.871,30 ;2032; 10.967,50 ;19
Digestão Anaeróbica; 10.775,09 ;2033; 10.871,30 ;19
Digestão Anaeróbica; 10.678,89 ;2034; 10.775,09 ;19
Digestão Anaeróbica; 10.582,68 ;2035; 10.678,89 ;20
Digestão Anaeróbica; 10.486,47 ;2036; 10.582,68 ;20
Digestão Anaeróbica; 10.390,27 ;2037; 10.486,47 ;20
Digestão Anaeróbica; 10.294,06 ;2038; 10.390,27 ;20
Digestão Anaeróbica; 10.197,85 ;2039; 10.294,06 ;19
Digestão Anaeróbica; 10.101,65 ;2040; 10.197,85 ;19
Digestão Anaeróbica; 10.013,46 ;2041; 10.101,65 ;19
Digestão Anaeróbica; 9.925,27 ;2042; 10.013,46 ;19
Digestão Anaeróbica; 9.837,08 ;2043; 9.925,27 ;19
Digestão Anaeróbica; 9.748,89 ;2044; 9.837,08 ;19
Digestão Anaeróbica; 9.660,70 ;2045; 9.748,89 ;19
Digestão Anaeróbica; 9.572,51 ;2046; 9.660,70 ;19
Digestão Anaeróbica; 9.484,33 ;2047; 9.572,51 ;19
Digestão Anaeróbica; 9.396,14 ;2048; 9.484,33 ;19
Digestão Anaeróbica; 9.307,95 ;2049; 9.396,14 ;19
Digestão Anaeróbica; 9.219,76 ;2050; 9.307,95 ;19
Incineração de Lixo Municipal; 24.372,23 ;2013;0;26
Incineração de Lixo Municipal; 24.114,54 ;2014; 24.372,23 ;26
Incineração de Lixo Municipal; 23.856,84 ;2015; 24.114,54 ;26
Incineração de Lixo Municipal; 23.599,15 ;2016; 23.856,84 ;26
Incineração de Lixo Municipal; 23.341,45 ;2017; 23.599,15 ;26
Incineração de Lixo Municipal; 23.083,76 ;2018; 23.341,45 ;26
Incineração de Lixo Municipal; 22.826,06 ;2019; 23.083,76 ;27
Incineração de Lixo Municipal; 22.568,37 ;2020; 22.826,06 ;27
Incineração de Lixo Municipal; 22.412,03 ;2021; 22.568,37 ;27
Incineração de Lixo Municipal; 22.255,70 ;2022; 22.412,03 ;28
Incineração de Lixo Municipal; 22.099,36 ;2023; 22.255,70 ;28
Incineração de Lixo Municipal; 21.943,03 ;2024; 22.099,36 ;27
Incineração de Lixo Municipal; 21.786,69 ;2025; 21.943,03 ;28
Incineração de Lixo Municipal; 21.630,36 ;2026; 21.786,69 ;28
Incineração de Lixo Municipal; 21.474,02 ;2027; 21.630,36 ;28
Incineração de Lixo Municipal; 21.317,69 ;2028; 21.474,02 ;28
Incineração de Lixo Municipal; 21.161,35 ;2029; 21.317,69 ;28
Incineração de Lixo Municipal; 21.005,02 ;2030; 21.161,35 ;28
Incineração de Lixo Municipal; 20.856,70 ;2031; 21.005,02 ;28
Incineração de Lixo Municipal; 20.708,38 ;2032; 20.856,70 ;28
Incineração de Lixo Municipal; 20.560,06 ;2033; 20.708,38 ;28
Incineração de Lixo Municipal; 20.411,74 ;2034; 20.560,06 ;28
Incineração de Lixo Municipal; 20.263,43 ;2035; 20.411,74 ;28
Incineração de Lixo Municipal; 20.115,11 ;2036; 20.263,43 ;28
Incineração de Lixo Municipal; 19.966,79 ;2037; 20.115,11 ;28
Incineração de Lixo Municipal; 19.818,47 ;2038; 19.966,79 ;28
Incineração de Lixo Municipal; 19.670,15 ;2039; 19.818,47 ;28
Incineração de Lixo Municipal; 19.521,84 ;2040; 19.670,15 ;28
Incineração de Lixo Municipal; 19.389,55 ;2041; 19.521,84 ;28
Incineração de Lixo Municipal; 19.257,27 ;2042; 19.389,55 ;28
Incineração de Lixo Municipal; 19.124,99 ;2043; 19.257,27 ;28
Incineração de Lixo Municipal; 18.992,70 ;2044; 19.124,99 ;28
Incineração de Lixo Municipal; 18.860,42 ;2045; 18.992,70 ;28
Incineração de Lixo Municipal; 18.728,14 ;2046; 18.860,42 ;28
Incineração de Lixo Municipal; 18.595,85 ;2047; 18.728,14 ;28
Incineração de Lixo Municipal; 18.463,57 ;2048; 18.595,85 ;28
Incineração de Lixo Municipal; 18.331,29 ;2049; 18.463,57 ;28
Incineração de Lixo Municipal; 18.199,00 ;2050; 18.331,29 ;28
Biomassa CHP; 14.711,53 ;2013;0;21
Biomassa CHP; 14.499,65 ;2014; 14.711,53 ;21
Biomassa CHP; 14.287,76 ;2015; 14.499,65 ;21
Biomassa CHP; 14.075,88 ;2016; 14.287,76 ;21
Biomassa CHP; 13.864,00 ;2017; 14.075,88 ;21
Biomassa CHP; 13.652,11 ;2018; 13.864,00 ;22
Biomassa CHP; 13.440,23 ;2019; 13.652,11 ;22
Biomassa CHP; 13.228,35 ;2020; 13.440,23 ;22
Biomassa CHP; 13.104,08 ;2021; 13.228,35 ;22
Biomassa CHP; 12.979,82 ;2022; 13.104,08 ;22
Biomassa CHP; 12.855,55 ;2023; 12.979,82 ;22
Biomassa CHP; 12.731,28 ;2024; 12.855,55 ;21
Biomassa CHP; 12.607,02 ;2025; 12.731,28 ;22
Biomassa CHP; 12.482,75 ;2026; 12.607,02 ;22
Biomassa CHP; 12.358,49 ;2027; 12.482,75 ;22
Biomassa CHP; 12.234,22 ;2028; 12.358,49 ;22
Biomassa CHP; 12.109,95 ;2029; 12.234,22 ;22
Biomassa CHP; 11.985,69 ;2030; 12.109,95 ;21
Biomassa CHP; 11.889,48 ;2031; 11.985,69 ;21
Biomassa CHP; 11.793,27 ;2032; 11.889,48 ;22
Biomassa CHP; 11.697,07 ;2033; 11.793,27 ;22
Biomassa CHP; 11.600,86 ;2034; 11.697,07 ;22
Biomassa CHP; 11.504,66 ;2035; 11.600,86 ;22
Biomassa CHP; 11.408,45 ;2036; 11.504,66 ;22
Biomassa CHP; 11.312,24 ;2037; 11.408,45 ;21
Biomassa CHP; 11.216,04 ;2038; 11.312,24 ;21
Biomassa CHP; 11.119,83 ;2039; 11.216,04 ;21
Biomassa CHP; 11.023,62 ;2040; 11.119,83 ;22
Biomassa CHP; 10.939,44 ;2041; 11.023,62 ;22
Biomassa CHP; 10.855,26 ;2042; 10.939,44 ;22
Biomassa CHP; 10.771,08 ;2043; 10.855,26 ;22
Biomassa CHP; 10.686,90 ;2044; 10.771,08 ;22
Biomassa CHP; 10.602,72 ;2045; 10.686,90 ;22
Biomassa CHP; 10.518,54 ;2046; 10.602,72 ;22
Biomassa CHP; 10.434,36 ;2047; 10.518,54 ;22
Biomassa CHP; 10.350,18 ;2048; 10.434,36 ;22
Biomassa CHP; 10.266,00 ;2049; 10.350,18 ;22
Biomassa CHP; 10.181,82 ;2050; 10.266,00 ;21
CCGT convencional CHP; 3.527,56 ;2013;0;4
CCGT convencional CHP; -   ;2014; 3.527,56 ;1
CCGT convencional CHP; -   ;2015; -   ;1
CCGT convencional CHP; -   ;2016; -   ;1
CCGT convencional CHP; -   ;2017; -   ;1
CCGT convencional CHP; -   ;2018; -   ;1
CCGT convencional CHP; -   ;2019; -   ;1
CCGT convencional CHP; -   ;2020; -   ;1
CCGT convencional CHP; -   ;2021; -   ;1
CCGT convencional CHP; -   ;2022; -   ;1
CCGT convencional CHP; -   ;2023; -   ;1
CCGT convencional CHP; -   ;2024; -   ;1
CCGT convencional CHP; -   ;2025; -   ;1
CCGT convencional CHP; -   ;2026; -   ;1
CCGT convencional CHP; -   ;2027; -   ;1
CCGT convencional CHP; -   ;2028; -   ;1
CCGT convencional CHP; -   ;2029; -   ;1
CCGT convencional CHP; -   ;2030; -   ;1
CCGT convencional CHP; -   ;2031; -   ;1
CCGT convencional CHP; -   ;2032; -   ;1
CCGT convencional CHP; -   ;2033; -   ;1
CCGT convencional CHP; -   ;2034; -   ;1
CCGT convencional CHP; -   ;2035; -   ;1
CCGT convencional CHP; -   ;2036; -   ;1
CCGT convencional CHP; -   ;2037; -   ;1
CCGT convencional CHP; -   ;2038; -   ;1
CCGT convencional CHP; -   ;2039; -   ;1
CCGT convencional CHP; -   ;2040; -   ;1
CCGT convencional CHP; -   ;2041; -   ;1
CCGT convencional CHP; -   ;2042; -   ;1
CCGT convencional CHP; -   ;2043; -   ;1
CCGT convencional CHP; -   ;2044; -   ;1
CCGT convencional CHP; -   ;2045; -   ;1
CCGT convencional CHP; -   ;2046; -   ;1
CCGT convencional CHP; -   ;2047; -   ;1
CCGT convencional CHP; -   ;2048; -   ;1
CCGT convencional CHP; -   ;2049; -   ;1
CCGT convencional CHP; -   ;2050; -   ;1
Co-combustão de biomassa e retrofit para queima de carvão (forno de carvão ou leito fluidizado); 2.004,30 ;2013;0;1
Co-combustão de biomassa e retrofit para queima de carvão (forno de carvão ou leito fluidizado); 1.981,39 ;2014; 2.004,30 ;3
Co-combustão de biomassa e retrofit para queima de carvão (forno de carvão ou leito fluidizado); 1.958,48 ;2015; 1.981,39 ;3
Co-combustão de biomassa e retrofit para queima de carvão (forno de carvão ou leito fluidizado); 1.935,58 ;2016; 1.958,48 ;3
Co-combustão de biomassa e retrofit para queima de carvão (forno de carvão ou leito fluidizado); 1.912,67 ;2017; 1.935,58 ;3
Co-combustão de biomassa e retrofit para queima de carvão (forno de carvão ou leito fluidizado); 1.889,76 ;2018; 1.912,67 ;3
Co-combustão de biomassa e retrofit para queima de carvão (forno de carvão ou leito fluidizado); 1.866,86 ;2019; 1.889,76 ;3
Co-combustão de biomassa e retrofit para queima de carvão (forno de carvão ou leito fluidizado); 1.843,95 ;2020; 1.866,86 ;3
Co-combustão de biomassa e retrofit para queima de carvão (forno de carvão ou leito fluidizado); 1.827,92 ;2021; 1.843,95 ;3
Co-combustão de biomassa e retrofit para queima de carvão (forno de carvão ou leito fluidizado); 1.811,88 ;2022; 1.827,92 ;3
Co-combustão de biomassa e retrofit para queima de carvão (forno de carvão ou leito fluidizado); 1.795,85 ;2023; 1.811,88 ;3
Co-combustão de biomassa e retrofit para queima de carvão (forno de carvão ou leito fluidizado); 1.779,81 ;2024; 1.795,85 ;2
Co-combustão de biomassa e retrofit para queima de carvão (forno de carvão ou leito fluidizado); 1.763,78 ;2025; 1.779,81 ;3
Co-combustão de biomassa e retrofit para queima de carvão (forno de carvão ou leito fluidizado); 1.747,75 ;2026; 1.763,78 ;3
Co-combustão de biomassa e retrofit para queima de carvão (forno de carvão ou leito fluidizado); 1.731,71 ;2027; 1.747,75 ;3
Co-combustão de biomassa e retrofit para queima de carvão (forno de carvão ou leito fluidizado); 1.715,68 ;2028; 1.731,71 ;3
Co-combustão de biomassa e retrofit para queima de carvão (forno de carvão ou leito fluidizado); 1.699,64 ;2029; 1.715,68 ;3
Co-combustão de biomassa e retrofit para queima de carvão (forno de carvão ou leito fluidizado); 1.683,61 ;2030; 1.699,64 ;3
Co-combustão de biomassa e retrofit para queima de carvão (forno de carvão ou leito fluidizado); 1.671,58 ;2031; 1.683,61 ;3
Co-combustão de biomassa e retrofit para queima de carvão (forno de carvão ou leito fluidizado); 1.659,56 ;2032; 1.671,58 ;3
Co-combustão de biomassa e retrofit para queima de carvão (forno de carvão ou leito fluidizado); 1.647,53 ;2033; 1.659,56 ;3
Co-combustão de biomassa e retrofit para queima de carvão (forno de carvão ou leito fluidizado); 1.635,51 ;2034; 1.647,53 ;3
Co-combustão de biomassa e retrofit para queima de carvão (forno de carvão ou leito fluidizado); 1.623,48 ;2035; 1.635,51 ;3
Co-combustão de biomassa e retrofit para queima de carvão (forno de carvão ou leito fluidizado); 1.611,45 ;2036; 1.623,48 ;3
Co-combustão de biomassa e retrofit para queima de carvão (forno de carvão ou leito fluidizado); 1.599,43 ;2037; 1.611,45 ;3
Co-combustão de biomassa e retrofit para queima de carvão (forno de carvão ou leito fluidizado); 1.587,40 ;2038; 1.599,43 ;3
Co-combustão de biomassa e retrofit para queima de carvão (forno de carvão ou leito fluidizado); 1.575,38 ;2039; 1.587,40 ;3
Co-combustão de biomassa e retrofit para queima de carvão (forno de carvão ou leito fluidizado); 1.563,35 ;2040; 1.575,38 ;3
Co-combustão de biomassa e retrofit para queima de carvão (forno de carvão ou leito fluidizado); 1.551,32 ;2041; 1.563,35 ;3
Co-combustão de biomassa e retrofit para queima de carvão (forno de carvão ou leito fluidizado); 1.539,30 ;2042; 1.551,32 ;3
Co-combustão de biomassa e retrofit para queima de carvão (forno de carvão ou leito fluidizado); 1.527,27 ;2043; 1.539,30 ;3
Co-combustão de biomassa e retrofit para queima de carvão (forno de carvão ou leito fluidizado); 1.515,25 ;2044; 1.527,27 ;3
Co-combustão de biomassa e retrofit para queima de carvão (forno de carvão ou leito fluidizado); 1.503,22 ;2045; 1.515,25 ;3
Co-combustão de biomassa e retrofit para queima de carvão (forno de carvão ou leito fluidizado); 1.491,20 ;2046; 1.503,22 ;3
Co-combustão de biomassa e retrofit para queima de carvão (forno de carvão ou leito fluidizado); 1.479,17 ;2047; 1.491,20 ;3
Co-combustão de biomassa e retrofit para queima de carvão (forno de carvão ou leito fluidizado); 1.467,14 ;2048; 1.479,17 ;3
Co-combustão de biomassa e retrofit para queima de carvão (forno de carvão ou leito fluidizado); 1.455,12 ;2049; 1.467,14 ;3
Co-combustão de biomassa e retrofit para queima de carvão (forno de carvão ou leito fluidizado); 1.443,09 ;2050; 1.455,12 ;3
CCGT avançada CCS após combustão; 6.012,89 ;2013;0;9
CCGT avançada CCS após combustão; 6.012,89 ;2014; 6.012,89 ;9
CCGT avançada CCS após combustão; 6.012,89 ;2015; 6.012,89 ;9
CCGT avançada CCS após combustão; 6.012,89 ;2016; 6.012,89 ;9
CCGT avançada CCS após combustão; 6.012,89 ;2017; 6.012,89 ;9
CCGT avançada CCS após combustão; 6.012,89 ;2018; 6.012,89 ;9
CCGT avançada CCS após combustão; 6.012,89 ;2019; 6.012,89 ;9
CCGT avançada CCS após combustão; 6.012,89 ;2020; 6.012,89 ;9
CCGT avançada CCS após combustão; 6.012,89 ;2021; 6.012,89 ;9
CCGT avançada CCS após combustão; 6.012,89 ;2022; 6.012,89 ;9
CCGT avançada CCS após combustão; 6.012,89 ;2023; 6.012,89 ;9
CCGT avançada CCS após combustão; 6.012,89 ;2024; 6.012,89 ;8
CCGT avançada CCS após combustão; 6.012,89 ;2025; 6.012,89 ;9
CCGT avançada CCS após combustão; 6.012,89 ;2026; 6.012,89 ;9
CCGT avançada CCS após combustão; 6.012,89 ;2027; 6.012,89 ;9
CCGT avançada CCS após combustão; 6.012,89 ;2028; 6.012,89 ;9
CCGT avançada CCS após combustão; 6.012,89 ;2029; 6.012,89 ;9
CCGT avançada CCS após combustão; 6.012,89 ;2030; 6.012,89 ;9
CCGT avançada CCS após combustão; 6.012,89 ;2031; 6.012,89 ;9
CCGT avançada CCS após combustão; 6.012,89 ;2032; 6.012,89 ;9
CCGT avançada CCS após combustão; 6.012,89 ;2033; 6.012,89 ;9
CCGT avançada CCS após combustão; 6.012,89 ;2034; 6.012,89 ;9
CCGT avançada CCS após combustão; 6.012,89 ;2035; 6.012,89 ;9
CCGT avançada CCS após combustão; 6.012,89 ;2036; 6.012,89 ;9
CCGT avançada CCS após combustão; 6.012,89 ;2037; 6.012,89 ;9
CCGT avançada CCS após combustão; 6.012,89 ;2038; 6.012,89 ;9
CCGT avançada CCS após combustão; 6.012,89 ;2039; 6.012,89 ;9
CCGT avançada CCS após combustão; 6.012,89 ;2040; 6.012,89 ;9
CCGT avançada CCS após combustão; 6.012,89 ;2041; 6.012,89 ;9
CCGT avançada CCS após combustão; 6.012,89 ;2042; 6.012,89 ;9
CCGT avançada CCS após combustão; 6.012,89 ;2043; 6.012,89 ;9
CCGT avançada CCS após combustão; 6.012,89 ;2044; 6.012,89 ;9
CCGT avançada CCS após combustão; 6.012,89 ;2045; 6.012,89 ;9
CCGT avançada CCS após combustão; 6.012,89 ;2046; 6.012,89 ;9
CCGT avançada CCS após combustão; 6.012,89 ;2047; 6.012,89 ;9
CCGT avançada CCS após combustão; 6.012,89 ;2048; 6.012,89 ;9
CCGT avançada CCS após combustão; 6.012,89 ;2049; 6.012,89 ;9
CCGT avançada CCS após combustão; 6.012,89 ;2050; 6.012,89 ;9
CCS oxyfuel; 12.025,77 ;2013;0;17
CCS oxyfuel; 11.853,98 ;2014; 12.025,77 ;17
CCS oxyfuel; 11.682,18 ;2015; 11.853,98 ;17
CCS oxyfuel; 11.510,38 ;2016; 11.682,18 ;17
CCS oxyfuel; 11.338,59 ;2017; 11.510,38 ;17
CCS oxyfuel; 11.166,79 ;2018; 11.338,59 ;17
CCS oxyfuel; 10.994,99 ;2019; 11.166,79 ;17
CCS oxyfuel; 10.823,20 ;2020; 10.994,99 ;17
CCS oxyfuel; 10.763,07 ;2021; 10.823,20 ;17
CCS oxyfuel; 10.702,94 ;2022; 10.763,07 ;17
CCS oxyfuel; 10.642,81 ;2023; 10.702,94 ;17
CCS oxyfuel; 10.582,68 ;2024; 10.642,81 ;16
CCS oxyfuel; 10.522,55 ;2025; 10.582,68 ;17
CCS oxyfuel; 10.462,42 ;2026; 10.522,55 ;17
CCS oxyfuel; 10.402,29 ;2027; 10.462,42 ;17
CCS oxyfuel; 10.342,16 ;2028; 10.402,29 ;17
CCS oxyfuel; 10.282,04 ;2029; 10.342,16 ;17
CCS oxyfuel; 10.221,91 ;2030; 10.282,04 ;17
CCS oxyfuel; 10.221,91 ;2031; 10.221,91 ;17
CCS oxyfuel; 10.221,91 ;2032; 10.221,91 ;18
CCS oxyfuel; 10.221,91 ;2033; 10.221,91 ;18
CCS oxyfuel; 10.221,91 ;2034; 10.221,91 ;18
CCS oxyfuel; 10.221,91 ;2035; 10.221,91 ;18
CCS oxyfuel; 10.221,91 ;2036; 10.221,91 ;19
CCS oxyfuel; 10.221,91 ;2037; 10.221,91 ;19
CCS oxyfuel; 10.221,91 ;2038; 10.221,91 ;19
CCS oxyfuel; 10.221,91 ;2039; 10.221,91 ;20
CCS oxyfuel; 10.221,91 ;2040; 10.221,91 ;20
CCS oxyfuel; 10.221,91 ;2041; 10.221,91 ;20
CCS oxyfuel; 10.221,91 ;2042; 10.221,91 ;20
CCS oxyfuel; 10.221,91 ;2043; 10.221,91 ;21
CCS oxyfuel; 10.221,91 ;2044; 10.221,91 ;21
CCS oxyfuel; 10.221,91 ;2045; 10.221,91 ;21
CCS oxyfuel; 10.221,91 ;2046; 10.221,91 ;21
CCS oxyfuel; 10.221,91 ;2047; 10.221,91 ;21
CCS oxyfuel; 10.221,91 ;2048; 10.221,91 ;21
CCS oxyfuel; 10.221,91 ;2049; 10.221,91 ;21
CCS oxyfuel; 10.221,91 ;2050; 10.221,91 ;22
IGCC CCS pre-combustão; 12.426,63 ;2013;0;18
IGCC CCS pre-combustão; 12.303,51 ;2014; 12.426,63 ;18
IGCC CCS pre-combustão; 12.180,39 ;2015; 12.303,51 ;18
IGCC CCS pre-combustão; 12.057,27 ;2016; 12.180,39 ;18
IGCC CCS pre-combustão; 11.934,15 ;2017; 12.057,27 ;18
IGCC CCS pre-combustão; 11.811,03 ;2018; 11.934,15 ;18
IGCC CCS pre-combustão; 11.687,91 ;2019; 11.811,03 ;18
IGCC CCS pre-combustão; 11.564,78 ;2020; 11.687,91 ;19
IGCC CCS pre-combustão; 11.540,73 ;2021; 11.564,78 ;19
IGCC CCS pre-combustão; 11.516,68 ;2022; 11.540,73 ;19
IGCC CCS pre-combustão; 11.492,63 ;2023; 11.516,68 ;19
IGCC CCS pre-combustão; 11.468,58 ;2024; 11.492,63 ;18
IGCC CCS pre-combustão; 11.444,53 ;2025; 11.468,58 ;19
IGCC CCS pre-combustão; 11.420,48 ;2026; 11.444,53 ;19
IGCC CCS pre-combustão; 11.396,42 ;2027; 11.420,48 ;19
IGCC CCS pre-combustão; 11.372,37 ;2028; 11.396,42 ;19
IGCC CCS pre-combustão; 11.348,32 ;2029; 11.372,37 ;20
IGCC CCS pre-combustão; 11.324,27 ;2030; 11.348,32 ;20
IGCC CCS pre-combustão; 11.324,27 ;2031; 11.324,27 ;20
IGCC CCS pre-combustão; 11.324,27 ;2032; 11.324,27 ;20
IGCC CCS pre-combustão; 11.324,27 ;2033; 11.324,27 ;21
IGCC CCS pre-combustão; 11.324,27 ;2034; 11.324,27 ;21
IGCC CCS pre-combustão; 11.324,27 ;2035; 11.324,27 ;21
IGCC CCS pre-combustão; 11.324,27 ;2036; 11.324,27 ;21
IGCC CCS pre-combustão; 11.324,27 ;2037; 11.324,27 ;22
IGCC CCS pre-combustão; 11.324,27 ;2038; 11.324,27 ;22
IGCC CCS pre-combustão; 11.324,27 ;2039; 11.324,27 ;22
IGCC CCS pre-combustão; 11.324,27 ;2040; 11.324,27 ;23
IGCC CCS pre-combustão; 11.324,27 ;2041; 11.324,27 ;24
IGCC CCS pre-combustão; 11.324,27 ;2042; 11.324,27 ;24
IGCC CCS pre-combustão; 11.324,27 ;2043; 11.324,27 ;24
IGCC CCS pre-combustão; 11.324,27 ;2044; 11.324,27 ;24
IGCC CCS pre-combustão; 11.324,27 ;2045; 11.324,27 ;24
IGCC CCS pre-combustão; 11.324,27 ;2046; 11.324,27 ;24
IGCC CCS pre-combustão; 11.324,27 ;2047; 11.324,27 ;24
IGCC CCS pre-combustão; 11.324,27 ;2048; 11.324,27 ;24
IGCC CCS pre-combustão; 11.324,27 ;2049; 11.324,27 ;24
IGCC CCS pre-combustão; 11.324,27 ;2050; 11.324,27 ;24
